shift,allocated1,allocated2,allocated3,allocated4,allocated,abandoned1,abandoned2,abandoned3,abandoned4,abandoned,Arrival time1,Arrival time2,Arrival time3,Arrival time4,Arrival time,sharing1,sharing2,sharing,SW1, SW2, SW3,SW4,SWP,SWpenalty, SW,SW1 %,SW2 %, SW3 %,SW4 %,SWP %,Working,Waiting,Moving,Patroling,Working%,Waiting%,Moving%,Patroling%,Reallocation%,completed1,completed2,completed3,completed4,completed,working1, working2, working3, working4, working,sharing1_1,sharing1_2,sharing1_3,sharing2_1,sharing2_2,SW1_average,SW2_average,SW3_average,SW4_average
0,1.0,1.0,1.0,1.0,0.3,0.0,0.0,0.0,0.0,0.0,13.387120870702892,10.01029675207128,23.654343857630874,9.038657969639207,13.810776865241673,1.0,1.0,1.0,4874.228740538933,1453.4264052038338,980.2999849714554,740.5116036833799,5715.45593719057,0.0,13763.922671588165,0.3541307850123598,0.10559681566680355,0.07122242752751112,0.053800912817678244,0.4152490589756478,13563.914338040431,0.0,3891.555293266998,55540.5883227623,0.18581707996581215,0.0,0.05331185549383538,0.7608710645403526,0.0,0.6666666666666666,1.0,1.0,1.0,0.8333333333333334,0.8540053487069039,0.9495691729512173,0.8614714956982117,0.9348511935900577,0.8907805119306589,0.30554722791765115,0.2198586647639338,0.47459410731841506,0.030085030654950905,0.9699149693450491,1468.1380847136281,1453.4264052038338,980.2999849714554,740.5116036833799
0,1.0,0.5,NaN,1.0,0.3,0.0,0.0,NaN,0.0,0.0,6.37503933822552,29.032878166733372,NaN,14.531624490197364,14.22963838562942,1.0,1.0,1.0,3706.7853070549386,1244.1667974241502,0.0,1619.5325341821242,6260.256483181116,0.0,12830.741121842328,0.2888987683450894,0.09696764868134944,0.0,0.1262228361403944,0.48791074683316693,11076.86268684447,0.0,4782.548719053005,61900.588594102526,0.1424493658287612,0.0,0.061503970152430615,0.7960466640188082,0.0,1.0,1.0,NaN,0.6666666666666666,0.8333333333333334,0.9290251547901258,0.40909469890589883,NaN,0.8488337191920505,0.7929624893740503,0.17836351982028745,0.23380213292206206,0.5878343472576505,0.009950248756218905,0.9900497512437811,1853.3926535274695,1244.1667974241502,NaN,732.328956466931
0,1.0,1.0,1.0,1.0,0.3,0.0,0.0,0.0,0.0,0.0,7.721864379682139,13.77082283861564,23.237759077931514,12.14699474438721,12.053528299996797,1.0,1.0,1.0,4944.4469886305715,1215.1816572169,983.7973849315409,616.3281002092173,6714.372765113947,0.0,14474.12689610218,0.34160588919267315,0.08395543758457329,0.0679693768054827,0.04258136636726543,0.4638879300500052,8530.907643335444,0.0,3421.135787652748,60429.35488602561,0.11786049788610105,0.0,0.04726540060291407,0.8348741015109848,0.0,1.0,1.0,1.0,0.0,0.8333333333333334,0.82112245660793,0.7857516537054691,0.724140820787583,NaN,0.7946519688633684,0.2669761993503921,0.2924307957180475,0.44059300493156045,0.35855319045297146,0.6414468095470285,1648.1489962101907,1215.1816572169,983.7973849315409,NaN
0,1.0,1.0,1.0,1.0,0.3,0.0,0.0,0.0,0.0,0.0,6.6131202354571545,9.043729516048217,9.970404008302603,4.631229650006253,8.366548571069906,1.0,1.0,1.0,1140.047591341473,1334.072383990459,3256.781245633537,768.9453418275122,6324.691138362446,0.0,12824.537701155423,0.08889580411454213,0.10402498827464682,0.25394921216849153,0.059958913119982034,0.4931710823223378,13753.258114480908,0.0,2469.46396905891,56922.22024526197,0.18802746542142507,0.0,0.033761240222982936,0.778211294355592,0.0,1.0,1.0,0.6666666666666666,1.0,0.8333333333333334,0.8074007096802686,0.9242464566766937,0.8307140504893127,0.9909851117029398,0.8768120758077055,0.46424286805823517,0.45552991259260517,0.08022721934915968,0.25901528880765684,0.7409847111923431,1140.047591341473,1334.072383990459,1095.7776232329816,768.9453418275122
0,NaN,0.75,1.0,1.0,0.3,NaN,0.0,0.0,0.0,0.0,NaN,10.039699571775264,10.712962482993111,8.133450238213026,9.94641231992084,NaN,1.0,1.0,0.0,4226.1934232045305,1619.4705772440445,456.64280530236704,5459.601120247273,0.0,11761.907925998212,0.0,0.35931189478732983,0.1376877448312964,0.038823871788097895,0.4641764885932761,17865.817127333423,0.0,2295.3153982142126,57598.86747445227,0.22975587869513173,0.0,0.029517944935882397,0.7407261763689859,0.0,NaN,1.0,0.5,0.0,0.6666666666666666,NaN,0.9398328941485813,0.9702858076905275,NaN,0.9474461225340678,NaN,NaN,NaN,0.11408250311247348,0.8859174968875264,NaN,1408.7311410681768,1140.5742854171103,NaN
0,NaN,1.0,1.0,1.0,0.3,NaN,0.0,0.0,0.0,0.0,NaN,9.232176160289029,7.264516128644436,5.863963489282105,7.781495264679289,NaN,1.0,1.0,0.0,4246.692340135129,1127.74274343249,1521.925716726113,6076.602469439217,0.0,12972.96326973295,0.0,0.32734944606241434,0.08693023482642641,0.11731519507781987,0.4684051240333393,16116.574022532192,0.0,2000.255775871985,56750.97665317384,0.21526707922123844,0.0,0.026717168175157947,0.7580157526036037,0.0,NaN,0.6666666666666666,1.0,1.0,0.8333333333333334,NaN,0.8584710456171196,0.986642783426367,0.931703097994149,0.9133982141297808,NaN,NaN,NaN,0.1562397243941151,0.843760275605885,NaN,1387.47266471071,1127.74274343249,760.9628583630565
0,0.6666666666666666,1.0,1.0,NaN,0.3,0.0,0.0,0.0,NaN,0.0,7.4521085653005,1.5613388807157662,8.920103240875681,NaN,7.204310955657302,1.0,1.0,1.0,3937.0434258916275,1373.9724562939796,3218.3654331104635,0.0,6340.272358664777,0.0,14869.653673960865,0.2647703512278849,0.09240110673862058,0.21643849303271498,0.0,0.4263900490007783,13203.602190761023,0.0,4339.649302101913,60216.74850713709,0.16979941088941639,0.0,0.05580824719781265,0.774392341912771,0.0,1.0,1.0,0.6666666666666666,NaN,0.8333333333333334,0.9584827998685305,0.9851741160246438,0.8828541541504922,NaN,0.9335696048125378,0.09074647132452138,0.24082788193211738,0.6684256467433612,0.32578878060378463,0.6742112193962153,1968.5217129458135,1373.9724562939796,1137.1217294218818,NaN
0,1.0,1.0,1.0,NaN,0.3,0.0,0.0,0.0,NaN,0.0,10.048474528883586,9.322075857307016,11.428212752417066,NaN,10.036298008946977,1.0,1.0,1.0,6147.404077487274,2811.0607188239296,1088.306817388515,0.0,5272.477182222464,0.0,15319.248795922174,0.4012862614466872,0.18349860076508484,0.07104178748491968,0.0,0.3441733503033088,20880.921224664715,0.0,4095.9152808414624,47452.294640002256,0.28829451485087443,0.0,0.05655066153717714,0.6551548236119483,0.0,0.3333333333333333,1.0,1.0,NaN,0.6666666666666666,0.7401337209714793,0.899101637637986,0.9502533336437283,NaN,0.8721475824727949,0.1057527435265703,0.14387781909217728,0.7503694373812524,0.13591218764406782,0.8640878123559321,1901.6134240655354,1405.530359411965,1088.306817388515,NaN
0,1.0,0.75,NaN,1.0,0.3,0.0,0.0,NaN,0.0,0.0,6.850149001467283,16.593534883089763,NaN,6.075256715813884,11.592693228002958,1.0,1.0,1.0,4399.276891603035,3900.6286034683985,0.0,759.5112030352745,5262.5192712880635,0.0,14321.935969394797,0.3071705460074708,0.27235344521884686,0.0,0.05303132234764273,0.36744468642603784,21353.999999999996,0.0,4445.706728945783,51960.2932710542,0.27461419753086425,0.0,0.05717215443603118,0.6682136480331047,0.0,1.0,1.0,NaN,1.0,1.0,0.9508239171776731,0.9050220384819267,NaN,0.9650395756528839,0.930292254242335,0.071726901707665,0.026264334467826327,0.9020087638245087,0.16867201788499167,0.8313279821150084,2199.638445801518,1300.209534489466,NaN,759.5112030352745
0,1.0,1.0,NaN,1.0,0.3,0.0,0.0,NaN,0.0,0.0,7.70548451012985,5.889551048488026,NaN,9.33306472980603,7.945355673081605,1.0,1.0,1.0,6306.4012062441225,1431.2730086711008,0.0,1252.772347692332,4687.3812476898565,0.0,13677.827810297396,0.46106745118521875,0.1046418355693557,0.0,0.09159146942537018,0.34269924382005645,18782.972951742784,0.0,5257.601333321384,48078.00421122623,0.2604456901865992,0.0,0.0729021764286691,0.6666521333847317,0.0,1.0,1.0,NaN,0.5,0.8333333333333334,0.9369793884858981,0.9519045602362485,NaN,0.9194280777689379,0.936454160692576,0.09026103587763512,0.09936404298328534,0.8103749211390796,0.16327148014360993,0.8367285198563901,2102.133735414708,1431.2730086711008,NaN,721.1001114389394
0,NaN,1.0,NaN,0.5,0.3,NaN,0.0,NaN,0.0,0.0,NaN,7.663353439705196,NaN,18.702749891996973,9.503252848420493,NaN,1.0,1.0,0.0,7301.693765353135,0.0,361.059253497442,6114.535857135195,0.0,13777.288875985783,0.0,0.5299804505137582,0.0,0.026206843505094737,0.44381270598114625,19664.765108990978,0.0,3064.412176792277,55030.822714216745,0.2528904978008099,0.0,0.039408592808542656,0.7077009093906474,0.001763668430335097,NaN,1.0,NaN,0.0,0.8333333333333334,NaN,0.8559545312852646,NaN,NaN,0.8559545312852646,NaN,NaN,NaN,0.07289483559570271,0.9271051644042974,NaN,1460.338753070627,NaN,NaN
0,1.0,1.0,1.0,1.0,0.3,0.0,0.0,0.0,0.0,0.0,16.10896762948598,6.383462314990538,13.146452018757008,11.283530884460784,11.569140465361805,1.0,1.0,1.0,3653.4560837202043,2464.3185772997363,1072.4374887093065,726.4358282508614,4914.673877495696,0.0,12831.321855475799,0.28472951772783117,0.1920549266128869,0.08357965771481612,0.056614262850935584,0.38302163509353065,22231.052493026553,0.0,3619.6997466403154,47793.51326920715,0.3018707884369863,0.0,0.04915114193384341,0.6489780696291704,0.0,0.5,0.5,1.0,1.0,0.6666666666666666,0.5968585977438702,0.9775077732794375,0.9681411243100682,0.9757543399462022,0.8795654588198946,0.04295430736833948,0.3089136054142685,0.648132087217392,0.06884482166522281,0.9311551783347772,1807.09045030851,1509.1382008458816,1072.4374887093065,726.4358282508614
0,1.0,1.0,1.0,NaN,0.3,0.0,0.0,0.0,NaN,0.0,12.018516408845551,7.746939349169345,7.705119344440969,NaN,9.163828368273352,1.0,1.0,1.0,4189.764817195731,4109.202791832287,1123.5029042659764,0.0,4470.932721040855,0.0,13893.403234334864,0.3015650482843207,0.2957664671876208,0.08086592502328413,0.0,0.32180255950477327,27226.25549483121,0.0,4030.4271885259427,44170.55210574035,0.3609605412548755,0.0,0.053434640681120575,0.5856048180640039,0.0,1.0,0.6666666666666666,1.0,NaN,0.8333333333333334,0.9209329055272437,0.9548100739837537,0.8749272880820049,NaN,0.9252826494208,0.11567411153414196,0.0012356436804493859,0.8830902447854087,0.09977604314037837,0.9002239568596215,2094.8824085978654,1429.197699780882,1123.5029042659764,NaN
0,0.5,1.0,1.0,1.0,0.3,0.0,0.0,0.0,0.0,0.0,9.103228435745587,8.241387945200994,6.316307643221705,16.09496386538165,9.052263912995441,1.0,1.0,1.0,2089.7137682994685,2768.389021047385,2273.975818212298,697.1619762634782,7210.492847839545,0.0,15039.733431662162,0.1389461972710322,0.18407168143148586,0.15119788050398858,0.046354676393119375,0.4794295644003748,8914.000000000004,0.0,2511.564369444137,66334.43563055596,0.11463477366255134,0.0,0.03229892450416839,0.8530663018332802,0.0,1.0,1.0,1.0,1.0,1.0,0.8022886682533411,0.8862500273328859,0.8899250725987343,0.9518251826391886,0.8844106751259616,0.08400127794184696,0.0978191196724432,0.8181796023857099,0.18989208605836558,0.8101079139416344,2089.7137682994685,1384.1945105236923,1136.987909106149,697.1619762634782
0,1.0,1.0,NaN,NaN,0.3,0.0,0.0,NaN,NaN,0.0,2.1790913262715548,18.02587943275027,NaN,NaN,15.384748081670486,1.0,1.0,1.0,1761.0935540409885,6826.9648881061685,0.0,0.0,5444.423895629286,0.0,14032.482337776451,0.12550121294647903,0.4865115610890518,0.0,0.0,0.38798722596446855,15208.000000000005,0.0,4714.902885092102,52355.840859797536,0.21040764147308885,0.0,0.0652322196098692,0.7243601389170418,0.0,1.0,1.0,NaN,NaN,1.0,0.9567702439963324,0.8109925086520917,NaN,NaN,0.8352887978761318,0.2975878330758763,0.30646333960014227,0.39594882732398146,0.021507273519780875,0.978492726480219,1761.0935540409885,1365.392977621234,NaN,NaN
0,1.0,1.0,0.0,1.0,0.3,0.0,0.0,NaN,0.0,0.0,9.295596267065205,8.232235923108881,NaN,11.92634990520487,9.20237503477699,1.0,1.0,1.0,1732.2385787388616,3643.505293529927,0.0,722.4547331121502,6614.304941839397,0.0,12712.503547220318,0.13626258370780384,0.28660800604666153,0.0,0.05683024830070708,0.520299161944829,14841.488477914776,0.0,3389.7670455306684,59528.744476554595,0.19086276334766933,0.0,0.043592683198696844,0.7655445534536338,0.0,1.0,0.3333333333333333,NaN,1.0,0.6666666666666666,0.7575504760584931,0.933680811647628,NaN,0.7703218129720798,0.8047758941841735,0.6050332152726065,0.3949667847273936,0.0,0.29313394328072095,0.706866056719279,866.1192893694307,1290.8141932703832,NaN,722.4547331121502
0,1.0,1.0,1.0,1.0,0.3,0.0,0.0,0.0,0.0,0.0,12.637457767506202,9.401105866890095,11.53901754752901,9.29044467212591,10.634691544745055,1.0,1.0,1.0,1745.0358323462376,2817.125124306418,2175.8410578204184,738.9193704781549,5870.189724039283,0.0,13347.111108990517,0.13074258677376216,0.211066282531268,0.1630196257491846,0.055361745657487194,0.43980975928829763,20276.397611385895,0.0,2029.7691240379775,52831.70751635356,0.26985588577396097,0.0,0.027013927985725016,0.703130186240314,0.0,0.0,1.0,1.0,1.0,0.8333333333333334,NaN,0.8339458226958291,0.9201870166027682,0.9815369215165056,0.8979605200227401,NaN,NaN,NaN,0.12888782868798612,0.8711121713120139,NaN,1408.562562153209,1087.9205289102092,738.9193704781549
0,0.0,1.0,1.0,NaN,0.3,NaN,0.0,0.0,NaN,0.0,NaN,4.9830846765093195,28.041579509799888,NaN,12.66924962093951,NaN,1.0,1.0,0.0,4422.096665089954,1907.0138535233987,0.0,7276.010699393302,0.0,13605.12121800664,0.0,0.3250317725385073,0.14016882488334093,0.0,0.5347994025781528,8838.385756796379,0.0,3188.901416856702,65732.71282634695,0.11366236827155833,0.0,0.04100953468179913,0.8453280970466426,0.0,NaN,0.75,1.0,NaN,0.8333333333333334,NaN,0.9286907874550948,0.7368722319317239,NaN,0.8519633652457465,NaN,NaN,NaN,0.530950203729546,0.4690497962704539,NaN,1090.8114875547808,953.5069267616993,NaN
0,1.0,1.0,0.6666666666666666,1.0,0.3,0.0,0.0,0.0,0.0,0.0,6.413666623553809,6.116456810905622,11.12519463385356,9.868366322801013,8.460889305978863,1.0,1.0,1.0,2228.938499028318,2877.1733926930533,1664.1295254494985,550.3336450326766,5219.257597403253,0.0,12539.832659606813,0.17774866376073367,0.22944272629418544,0.13270747470259123,0.04388684123396686,0.4162142940085218,28814.393011412016,0.0,1972.2886119586935,46973.31837662926,0.370555465681739,0.0,0.025363793878069626,0.6040807404401913,0.0,0.0,1.0,0.5,0.0,0.5,NaN,0.9404636181875231,0.9542899814640131,NaN,0.9450724059463531,NaN,NaN,NaN,0.146631552430529,0.8533684475694711,NaN,1438.5866963465269,1047.8927884728957,NaN
0,0.5,1.0,1.0,1.0,0.3,0.0,0.0,0.0,0.0,0.0,6.040751782652433,4.628090163947627,12.972633128831239,5.492784779410204,6.542522466366555,1.0,1.0,1.0,2045.8192120868543,1153.1736818080847,1074.0322695638679,1526.706893521638,7486.284144402846,0.0,13286.016201383281,0.1539828930717285,0.08679604663495905,0.08083930150951076,0.11491081076377763,0.5634709480200248,8595.313133520569,0.0,1788.1295668537734,67376.55729962565,0.11053643433025423,0.0,0.022995493400897293,0.8664680722688484,0.0,1.0,0.5,1.0,1.0,0.8333333333333334,0.9004113584103938,0.8518352261172776,0.9227233594479001,0.9178724328576523,0.9021429619381752,0.27659862002725544,0.039095924132703734,0.6843054558400408,0.6698386118931015,0.3301613881068985,2045.8192120868543,1016.3726308139244,1074.0322695638679,763.353446760819
0,0.0,1.0,1.0,NaN,0.3,NaN,0.0,0.0,NaN,0.0,NaN,6.591551640218707,7.396232964453702,NaN,6.993892302336206,NaN,1.0,1.0,0.0,3846.225227183151,3028.8898002336064,0.0,6740.531434269503,0.0,13615.646461686232,0.0,0.2824856857150516,0.22245655457908334,0.0,0.49505775970586713,15439.727256953041,0.0,1655.4898346214252,60664.78290842553,0.19855616328386114,0.0,0.021289735527538906,0.7801541011885998,0.0,NaN,1.0,0.6666666666666666,NaN,0.8333333333333334,NaN,0.8867035144568969,0.9754005273144952,NaN,0.9221823195999364,NaN,NaN,NaN,0.3209351448422321,0.679064855157768,NaN,1282.0750757277167,1134.5883107967006,NaN
0,0.6666666666666666,NaN,1.0,1.0,0.3,0.0,NaN,0.0,0.0,0.0,7.22170084529049,NaN,11.762112287254421,17.482579690868715,13.108875508406925,1.0,NaN,1.0,2916.40896706754,0.0,1085.204710099861,1915.1337205156958,7229.356478473676,0.0,13146.103876156787,0.2218458787897651,0.0,0.08254953104912756,0.14568070803009492,0.5499238821310114,9694.616380933438,0.0,3001.1753128034916,65064.208306263055,0.12467356456961727,0.0,0.03859536153296672,0.836731073897416,0.0,1.0,NaN,1.0,0.6666666666666666,0.8333333333333334,0.8863381303045396,NaN,0.9103238573842533,0.801457072046976,0.8571828524174568,0.40833683668286064,0.24013022501780162,0.35153293829933774,NaN,NaN,1458.2044835337701,NaN,1085.204710099861,669.4860427803203
0,NaN,1.0,0.6666666666666666,1.0,0.3,NaN,0.0,0.0,0.0,0.0,NaN,11.507209170454038,9.312664969377488,10.798478112524059,10.657572593773525,NaN,1.0,1.0,0.0,4089.340944133118,1938.4841105024934,729.4543640859002,7054.757258688472,0.0,13812.036677409997,0.0,0.296070814148746,0.1403474488069484,0.0528129472229787,0.5107687898213259,12237.74670061245,0.0,2029.437971191278,63492.81532819629,0.15737842979182673,0.0,0.026098739341451616,0.8165228308667216,0.0,NaN,1.0,0.0,1.0,0.6666666666666666,NaN,0.769022146499411,NaN,0.902802645940955,0.802467271359797,NaN,NaN,NaN,0.16172262932858814,0.8382773706714118,NaN,1363.113648044373,NaN,729.4543640859002
0,1.0,1.0,NaN,0.5,0.3,0.0,0.0,NaN,0.0,0.0,9.775676846558326,6.019911805843813,NaN,2.4575518226654594,6.05214598209984,0.0,1.0,0.8,506.3104758799891,5374.025434076668,0.0,783.3678694432324,7222.349107930553,0.0,13886.052887330497,0.03646179947520883,0.3870088554091478,0.0,0.05641400589493432,0.5201153392207051,8328.961182764913,0.0,4429.896845859865,65001.14197137531,0.10711112632156512,0.0,0.05696883803832124,0.8359200356401136,0.0,0.0,1.0,NaN,1.0,0.8333333333333334,NaN,0.8954749568548904,NaN,0.9912404716725685,0.914628059818426,NaN,NaN,NaN,0.29601333031937754,0.7039866696806225,NaN,1343.506358519167,NaN,783.3678694432324
0,1.0,0.8,1.0,NaN,0.3,0.0,0.0,0.0,NaN,0.0,16.959865391171387,5.991900742097684,6.321074345579109,NaN,7.874757117523539,1.0,1.0,1.0,1652.578676912271,4828.881427958899,1136.8751879195502,0.0,6976.385310915639,0.0,14594.720603706359,0.11323126504337434,0.33086494487140744,0.07789633106308581,0.0,0.47800745902213243,11804.922617100685,0.0,3167.609584658575,62787.46779824078,0.15181227645448403,0.0,0.04073571996731704,0.8074520035781989,0.0,1.0,0.75,1.0,NaN,0.8333333333333334,0.5959937213123061,0.8806195192027256,0.8635378294894321,NaN,0.8202780216819832,0.21331941381247826,0.3031180705283811,0.48356251565914066,0.5513904509864321,0.4486095490135678,1652.578676912271,1130.0112764363014,1136.8751879195502,NaN
0,1.0,1.0,1.0,NaN,0.3,0.0,0.0,0.0,NaN,0.0,14.072065277786123,6.643389048389599,9.58881298188514,NaN,10.59232642493621,1.0,1.0,1.0,2883.8159913382483,1254.205239563781,3317.0218214672304,0.0,6058.328619243271,0.0,13513.371671612507,0.21340462331812204,0.09281216191207747,0.24546219123353846,0.0,0.44832102353626374,15500.712848630747,0.0,2944.3535245989633,54524.9575731893,0.21242576074817693,0.0,0.04035017895514144,0.7472240602966816,0.0,0.5,0.0,1.0,NaN,0.6666666666666666,0.7117604585503987,NaN,0.9544152973661864,NaN,0.8937515876622395,0.09080372629754918,0.14001103811283905,0.7691852355896118,NaN,NaN,1886.4386016361057,NaN,1105.6739404890768,NaN
0,1.0,1.0,1.0,1.0,0.3,0.0,0.0,0.0,0.0,0.0,10.785605653824156,11.549286827378728,24.484916601466534,10.29104956267246,15.396896816772093,1.0,1.0,1.0,3978.0654907352455,1247.339886719638,1950.5282539182592,732.6255717472412,6342.319287453893,0.0,14250.878490574267,0.27914528170080144,0.0875272277105335,0.1368707378431699,0.05140915152927661,0.4450476012162192,12789.0,0.0,3769.086530953839,59104.252580108885,0.1690272882157049,0.0,0.04981456528090279,0.7811581465033923,0.0,1.0,1.0,1.0,1.0,1.0,0.7923774096436931,0.8315604354981977,0.8914919877935773,0.8304354655780762,0.8382891159918024,0.1446518287097859,0.11661714745610958,0.7387310238341045,0.34610925327449876,0.6538907467255013,1989.0327453676227,1247.339886719638,975.2641269591296,732.6255717472412
0,1.0,1.0,1.0,1.0,0.3,0.0,0.0,0.0,0.0,0.0,5.785465714928057,12.405186883320676,18.1549890116061,28.786232531661064,16.906975360788014,1.0,1.0,1.0,2260.4220898005738,959.6264963441056,2682.2061207088686,625.481411147096,4757.747133762245,0.0,11285.483251762886,0.20029466522379333,0.08503193659821381,0.2376686988826895,0.05542353811471836,0.42158116118058525,27749.4058397479,0.0,3480.243005944222,44436.870183145154,0.3667329513225304,0.0,0.04599449070225983,0.5872725579752098,0.0,1.0,0.0,0.6666666666666666,1.0,0.6666666666666666,0.9880308788177897,NaN,0.7050443443316081,0.6186558586085575,0.7541938565223909,0.013681388409934624,0.019836542092375183,0.9664820694976901,NaN,NaN,2260.4220898005738,NaN,983.0200583323933,625.481411147096
0,1.0,1.0,NaN,1.0,0.3,0.0,0.0,NaN,0.0,0.0,12.03244250809251,3.174381183931928,NaN,10.477349991089751,8.820573313871856,1.0,1.0,1.0,3187.9178940303514,3031.794923908841,0.0,731.4596766560496,5618.119016969791,0.0,12569.291511565047,0.25362749293364206,0.2412065088250421,0.0,0.05819418508855739,0.44697181315275736,16454.58135952205,0.0,4127.176312456615,51740.968957740006,0.22751605375398795,0.0,0.05706610500993869,0.7154178412360733,0.0,0.6666666666666666,1.0,NaN,1.0,0.8333333333333334,0.8677524846643996,0.9840945630850131,NaN,0.8857149558521482,0.9178818102701947,0.3380299871813788,0.17302560080399432,0.4889444120146269,0.07617609571378178,0.9238239042862182,1436.2600004132562,1515.8974619544206,NaN,731.4596766560496
0,0.6666666666666666,1.0,1.0,NaN,0.3,0.0,0.0,0.0,NaN,0.0,13.403240566919436,6.285379495971005,9.094988345484397,NaN,9.594536136124946,1.0,1.0,1.0,4051.2071274526024,2509.923889470876,2180.779899879221,0.0,6651.508589799219,0.0,15393.419506601915,0.26317785503832497,0.16305174353199575,0.14166962051179924,0.0,0.43210078091788034,14250.69927454946,0.0,3425.7990324198695,60083.50169303053,0.18326516556776604,0.0,0.044056057515687704,0.7726787769165463,0.0,1.0,1.0,0.5,NaN,0.8333333333333334,0.877795607710598,0.9168293305550594,0.971819561537295,NaN,0.9122138876137219,0.06741462578081295,0.09724643323659021,0.8353389409825968,0.3909848758796345,0.6090151241203655,2025.6035637263012,1254.9619447354376,1188.1597393784218,NaN
0,1.0,1.0,0.5,1.0,0.3,0.0,0.5,0.0,0.0,0.16666666666666666,9.370428128604066,8.901480374072559,15.667801390535516,30.38725559523973,13.766478998521416,1.0,1.0,1.0,4283.333796067199,2578.763962270817,1049.5687497425563,503.92993518393774,6659.010718081273,-90.0,15074.60716134577,0.2841423162953461,0.17106674387398102,0.06962494866425807,0.03342905919804745,0.4417369319683682,10859.127444047603,0.0,3896.6433086918587,63004.22924726043,0.13964927268579755,0.0,0.0501111536611608,0.8102395736530416,0.001763668430335097,1.0,1.0,1.0,0.0,0.8333333333333334,0.8638613823232828,0.6115937974907063,0.8521456406102724,NaN,0.76061120004765,0.08360333876524559,0.02867459073605906,0.8877220704986953,0.26076520244576873,0.7392347975542315,2141.6668980336,1334.3819811354085,1049.5687497425563,NaN
0,1.0,1.0,1.0,1.0,0.3,0.0,0.0,0.0,0.0,0.0,10.643350481754416,8.290365347605622,38.42284878447826,57.27666132652526,22.2611569616206,1.0,1.0,1.0,4288.169429921944,2926.8343671413954,864.0273471734998,490.2719738725897,4847.709503466941,0.0,13417.012621576381,0.3196068715792951,0.21814352044617202,0.06439789329735193,0.03654106824675455,0.36131064643042554,22590.999999999985,0.0,5431.1174760180675,48304.970530902894,0.29597618080165133,0.0,0.07115583232424119,0.6328679868741076,0.0,1.0,0.5,1.0,1.0,0.8333333333333334,0.9618660895516098,0.9768086552789902,0.7238207158624181,0.4111983229536771,0.807111974639661,0.017134937338918254,0.04911323162775127,0.9337518310333304,0.10155832019422595,0.898441679805774,2144.0847149609726,1489.7690234951845,864.0273471734998,490.2719738725897
0,1.0,0.8,NaN,NaN,0.3,0.5,0.0,NaN,NaN,0.16666666666666666,7.716588772545219,14.274219943443264,NaN,NaN,12.088342886477248,1.0,1.0,1.0,3395.0905478897876,5628.7334129863275,0.0,0.0,5096.825920220648,-120.0,14120.649881096757,0.24043444009151294,0.39861716425116417,0.0,0.0,0.36094839565732334,22381.56182360944,0.0,3422.837562824996,51955.60061356559,0.2878287271554711,0.0,0.04401797277295518,0.6681533000715737,0.005291005291005291,0.0,1.0,NaN,NaN,0.6666666666666666,NaN,0.8813489460614556,NaN,NaN,0.8813489460614556,NaN,NaN,NaN,0.02001627517656886,0.9799837248234311,NaN,1407.1833532465816,NaN,NaN
0,0.5,1.0,1.0,1.0,0.3,0.0,0.0,0.0,0.0,0.0,6.687942295327957,6.115416259754556,4.033746705795762,7.200883628069278,6.044803568076111,1.0,1.0,1.0,1794.140003761465,4101.976040674719,1159.324526281404,752.2375916334729,7368.798541232596,0.0,15176.476703583676,0.11821847974357634,0.27028513407898586,0.07638956978780513,0.0495660228869751,0.48554079350265633,9681.064041942236,0.0,1759.7490869643254,66319.18687109352,0.12449928037477141,0.0,0.022630518093677,0.8528702015315516,0.0,0.0,1.0,1.0,1.0,0.8333333333333334,NaN,0.8613520144452834,0.9831740555461053,0.9062395731936932,0.8946939344151297,NaN,NaN,NaN,0.25564755682743706,0.7443524431725629,NaN,1367.325346891573,1159.324526281404,752.2375916334729
0,1.0,1.0,1.0,NaN,0.3,0.0,0.0,0.0,NaN,0.0,11.927929035127411,3.128123035905446,12.21231960157695,NaN,9.042058796461678,1.0,1.0,1.0,6386.3785356845265,2495.7660378131377,1081.036034716342,0.0,5448.78022698284,0.0,15411.960835196853,0.4143780667479846,0.16193695691942497,0.07014266687257217,0.0,0.3535423094600178,21889.947146990085,0.0,3833.1421077245427,49906.73468159911,0.28943538418684067,0.0,0.05068294368835699,0.6598816721248023,0.0,1.0,0.5,1.0,NaN,0.8333333333333334,0.9317383011918438,0.8510679267071665,0.9519979236040846,NaN,0.9196561507773564,0.03880755523881594,0.022035967381072396,0.9391564773801117,0.5079837534346997,0.4920162465653003,2128.792845228175,1188.2100935839564,1081.036034716342,NaN
0,1.0,1.0,1.0,NaN,0.3,0.0,0.0,0.0,NaN,0.0,8.422677394935317,2.6302764715481315,10.970562760985223,NaN,9.155867485070724,1.0,1.0,1.0,872.6228177854127,975.2507969310936,3638.778584191646,0.0,6218.23782383975,0.0,11704.890022747899,0.07455198776660965,0.0833199453421382,0.3108767854392354,0.0,0.5312512814520169,15100.212646369753,0.0,2082.94150536865,55964.140414557754,0.20643569575473308,0.0,0.02847598831534092,0.765088315929926,0.0,1.0,0.0,0.75,NaN,0.6666666666666666,0.7733620444719017,NaN,0.8559442972576651,NaN,0.8352987340612241,0.6082551761269653,0.39174482387303466,0.0,NaN,NaN,872.6228177854127,NaN,1085.743797314288,NaN
0,NaN,1.0,1.0,1.0,0.3,NaN,0.0,0.0,0.0,0.0,NaN,8.010773501613144,17.34527084531114,11.388886589720233,11.685291464196993,NaN,1.0,1.0,0.0,4304.948038251809,2073.567334306754,725.7818412846377,6591.218143789493,0.0,13695.515357632687,0.0,0.3143326794090013,0.15140484166965856,0.05299412415905548,0.48126835476228524,14978.999999999996,0.0,2443.083585899145,59320.96329410536,0.19518380633780644,0.0,0.03183459199527422,0.7729816016669194,0.0,NaN,1.0,1.0,1.0,1.0,NaN,0.8667245195018989,0.9542581328294357,0.7783784132034794,0.8811780395613412,NaN,NaN,NaN,0.10701285171515344,0.8929871482848467,NaN,1434.9826794172689,1036.7836671533769,725.7818412846377
0,1.0,1.0,1.0,NaN,0.3,0.0,0.0,0.5,NaN,0.16666666666666666,5.107650321922392,8.908987817420583,12.10760880311689,NaN,9.341638563402986,1.0,1.0,1.0,2251.026625282557,3879.1739139212546,1930.4729285813105,0.0,6097.9855411319595,-60.0,14158.659008917057,0.1589858632703048,0.2739789065813485,0.1363457462578559,0.0,0.4306894838904925,13375.797918241467,0.0,2307.4984107390114,56321.86987018763,0.18576164217500274,0.0,0.0320462896281138,0.7821920681968835,0.0020576131687242796,1.0,1.0,0.5,NaN,0.8333333333333334,0.9772038313776963,0.7973382271332577,0.9342158498585512,NaN,0.860686872527204,0.004939245075037273,0.05428808483722811,0.9407726700877346,0.30065904833075546,0.6993409516692446,2251.026625282557,1293.057971307085,1131.5952114302659,NaN
0,1.0,1.0,NaN,1.0,0.3,0.0,0.0,NaN,0.5,0.16666666666666666,2.369494246404338,8.324956749409743,NaN,10.780817040608714,8.150999762641833,1.0,1.0,1.0,1491.5551052671508,3577.1921632118047,0.0,1089.9424950079242,5120.208880522943,-41.860831496249475,11278.89864400982,0.1322429744556052,0.3171579314715837,0.0,0.09663554300904978,0.4539635510637616,18965.080661001208,0.0,2528.925942515626,50624.28153366636,0.26297186401493455,0.0,0.035066361221790375,0.7019617747632749,0.0,1.0,0.6666666666666666,NaN,0.5,0.6666666666666666,0.9708600593227705,0.9363962777864907,NaN,0.8846958880063218,0.9320871257255186,0.33913961551534494,0.43559317961489014,0.2252672048697649,0.15786745982881703,0.842132540171183,1491.5551052671508,1409.8214359879948,NaN,703.3977518491325
0,1.0,1.0,1.0,NaN,0.3,0.0,0.3333333333333333,0.0,NaN,0.16666666666666666,7.546799932343739,6.53068403730681,25.22899160674615,NaN,9.98577393055901,1.0,1.0,1.0,4372.075512259072,3795.6554000860633,967.1921214251581,0.0,4895.367953946549,-90.0,14030.290987716826,0.3116168806539163,0.27053290650985545,0.06893599870964266,0.0,0.3489142141265868,18336.395581460998,0.0,3385.6180496459656,50973.59561350019,0.2522352556364505,0.0,0.04657252459710452,0.701192219766445,0.0,1.0,0.6666666666666666,1.0,NaN,0.8333333333333334,0.8944607988825503,0.6599185977880383,0.8911271678532101,NaN,0.7999771922388774,0.0749250289343756,0.025021441274518774,0.9000535297911056,0.27892883699741716,0.7210711630025829,2186.0377561295363,1337.0934761965937,967.1921214251581,NaN
0,1.0,1.0,0.6666666666666666,NaN,0.3,0.0,0.0,0.0,NaN,0.0,7.163976937810233,7.381442155542618,14.906565598806468,NaN,9.781084027764376,1.0,1.0,1.0,5074.236840003849,1497.8751248311146,1376.6032707577226,0.0,5594.295480013051,0.0,13543.010715605713,0.37467568671098866,0.11060133941303774,0.10164676818659328,0.0,0.4130762056893821,21646.484759981675,0.0,3305.8960471142527,52807.619192904094,0.2783755756170482,0.0,0.042514095256098915,0.6791103291268528,0.0,1.0,1.0,0.5,NaN,0.8333333333333334,0.9188190376466959,0.9830829790687435,0.9770101242136016,NaN,0.9433100432444865,0.22549425855431235,0.226409094620174,0.5480966468255136,0.008163306265497144,0.9918366937345028,1691.4122800012822,1497.8751248311146,1129.7006739635526,NaN
0,NaN,1.0,1.0,1.0,0.3,NaN,0.0,0.5,0.0,0.16666666666666666,NaN,25.21600329484521,11.22655917328309,7.208160751935472,17.551548163839545,NaN,1.0,1.0,0.0,3665.442673456066,2117.358688945428,752.1907954285874,6270.909247936387,-60.0,12805.901405766455,0.0,0.28623074294524314,0.1653424168947598,0.05873782497574738,0.4896890151842507,12295.819881232102,0.0,4193.328889147035,59065.57027488606,0.16274059432165472,0.0,0.055500555652053855,0.7817588500262913,0.0020576131687242796,NaN,1.0,0.5,1.0,0.8333333333333334,NaN,0.6418405693237479,0.968327037424645,0.9328900085293976,0.7653477507850572,NaN,NaN,NaN,0.1443403207627044,0.8556596792372956,NaN,1221.8142244853555,1101.345497343649,752.1907954285874
0,1.0,1.0,NaN,1.0,0.3,0.0,0.0,NaN,0.0,0.0,10.30633815573692,11.622584144233496,NaN,7.36826354312932,9.546354282950482,1.0,1.0,1.0,5534.139260837766,1407.3675265863392,0.0,928.0955542336322,6130.168148696003,0.0,13999.770490353727,0.3953021418923231,0.10052789990779197,0.0,0.06629362637574085,0.4378763318241451,13427.959886948436,0.0,3707.856976822459,55171.51333826397,0.18570675821426674,0.0,0.051279129881607946,0.7630141119041253,0.0,1.0,1.0,NaN,0.5,0.8333333333333334,0.8686889813852835,0.8107517663830678,NaN,0.9634043379233097,0.8760446096924456,0.24171285715680754,0.15708125260273414,0.6012058902404583,0.08201766184323223,0.9179823381567678,1844.7130869459224,1407.3675265863392,NaN,742.5460061427741
0,1.0,1.0,1.0,1.0,0.3,0.0,0.0,0.0,0.0,0.0,8.901186748205237,12.578750245928115,11.758499799266973,20.52032537587113,13.016002035744426,1.0,1.0,1.0,2165.2867546405287,2751.616361113861,868.2280122824149,400.00691940400486,5194.044256348225,0.0,11379.182303789043,0.19028491651105114,0.2418114314064225,0.07629968385279425,0.035152518759701254,0.4564514494700301,20459.185652309447,0.0,2852.5390230967623,48803.95203075432,0.2836995586364886,0.0,0.039555047576126844,0.6767453937873845,0.0,1.0,1.0,0.0,0.0,0.5,0.9588829556647673,0.7892447165029579,NaN,NaN,0.845790796223561,0.05371132424802391,0.03396070451883682,0.9123279712331392,0.11495044215726322,0.8850495578427369,2165.2867546405287,1375.8081805569304,NaN,NaN
0,1.0,1.0,1.0,0.5,0.3,0.0,0.0,0.0,0.0,0.0,4.471780599489193,11.523062073546484,25.48583104802983,1.2368886758632471,10.960614424003621,1.0,1.0,1.0,2107.349794948327,3499.287755023332,601.0224039775617,379.63234244566473,6308.961485415105,0.0,12896.253781809972,0.16340790361311916,0.27134141543950074,0.04660441816252851,0.02943741251285952,0.48920885027199357,15107.772802761077,0.0,3526.6586479892844,59125.56854924965,0.1942872016815982,0.0,0.04535312047311322,0.7603596778452886,0.001763668430335097,1.0,1.0,0.0,0.0,0.6666666666666666,0.48919531679961675,0.8363008059344059,NaN,NaN,0.7495244336507086,0.2286093784971197,0.04743592272627425,0.723954698776606,0.34980062190064337,0.6501993780993566,2107.349794948327,1166.4292516744445,NaN,NaN
0,1.0,1.0,NaN,1.0,0.3,0.0,0.0,NaN,0.0,0.0,11.765731183786603,8.178789784211132,NaN,35.948080417579604,14.002652022964368,1.0,1.0,1.0,3851.1663414232394,4332.667521106834,0.0,588.3345894543444,6274.416750311465,0.0,15046.585202295868,0.2559495254003289,0.2879502201234163,0.0,0.0391008711640814,0.41699938331217434,12305.999999999996,0.0,4394.542927830105,58354.784309752176,0.16395904798397898,0.0,0.05855071304824898,0.7774902389677721,0.0,1.0,1.0,NaN,1.0,1.0,0.8340344620474807,0.8386010451387049,NaN,0.9105653636155359,0.8490729038544353,0.1913891493422005,0.12808612643038303,0.6805247242274165,0.09326845928224588,0.9067315407177542,1925.5831707116197,1444.222507035611,NaN,588.3345894543444
0,1.0,1.0,NaN,1.0,0.3,0.0,0.0,NaN,0.0,0.0,2.41227790726264,8.140513641954545,NaN,13.269248868800446,7.940680139339211,1.0,1.0,1.0,2133.116735314561,1747.9878254262114,0.0,1429.578622093623,6291.078087024435,0.0,11601.76126985884,0.1838614573854712,0.1506657295187974,0.0,0.1232208273245237,0.5422519857712069,12651.144962453698,0.0,3487.027827959878,56619.70278322005,0.17388007638637387,0.0,0.04792646569828553,0.7781934579153407,0.0,1.0,0.5,NaN,1.0,0.8333333333333334,0.9423490032112835,0.7332029650334018,NaN,0.7568405106723662,0.8263163985601402,0.5767953856076182,0.3612942548486245,0.06191035954375729,0.45830145490015095,0.541698545099849,1066.5583676572805,1183.4361866735014,NaN,714.7893110468115
0,1.0,1.0,1.0,NaN,0.3,0.0,0.0,0.0,NaN,0.0,5.0376410364937785,8.614903333454993,14.18279353473128,NaN,10.802638051266266,1.0,1.0,1.0,756.8096861470254,2947.3103271264413,2823.9855064292547,0.0,6112.689890971892,0.0,12640.7954106746,0.05987041650147527,0.2331586131547993,0.22340251658883128,0.0,0.4835684537548952,16210.287787757714,0.0,4381.837090534345,55210.31246920569,0.21384916310072738,0.0,0.05780601843245336,0.7283448184668193,0.0,1.0,1.0,0.6666666666666666,NaN,0.8333333333333334,0.11380846292569671,0.9648567731442197,0.8749887193227557,NaN,0.7586998895719294,0.8117463448181563,0.18825365518184373,0.0,0.02532223258633897,0.974677767413661,756.8096861470254,1473.6551635632204,1044.1331117632362,NaN
0,1.0,0.5,NaN,1.0,0.3,0.0,0.0,NaN,0.0,0.0,15.419740460315582,2.4129361241352023,NaN,12.323316698809528,12.2197984837835,1.0,1.0,1.0,6227.187664360144,1552.4601757459982,0.0,996.3899076820846,4054.9536519678018,0.0,12830.991399756027,0.4853239683785112,0.12099300259647257,0.0,0.07765494314812106,0.31602808587689524,29498.4843307356,0.0,5067.941605524618,43193.57406373971,0.3793529363520528,0.0,0.06517414616158208,0.5554729174863651,0.0,1.0,1.0,NaN,0.5,0.8333333333333334,0.8743603835886793,0.9949978078560295,NaN,0.9572912418952373,0.9150740401034609,0.058440886427186534,0.0016534225970449932,0.9399056909757685,0.027763823663579202,0.9722361763364209,2075.729221453381,1552.4601757459982,NaN,689.4563235361347
0,0.0,1.0,1.0,NaN,0.3,NaN,0.0,0.0,NaN,0.0,NaN,6.915957917996495,4.695734952456599,NaN,6.175883596149863,NaN,1.0,1.0,0.0,5747.733430512855,2306.3055109823144,0.0,6639.1982145531765,0.0,14693.237156048384,0.0,0.3911822404735933,0.15696374369299126,0.0,0.45185401583341284,16127.999999999996,0.0,1879.2160690213082,59752.78393097865,0.20740740740740748,0.0,0.024166873315603257,0.7684257192769892,0.0,NaN,1.0,1.0,NaN,1.0,NaN,0.935793530822163,0.9718751109449673,NaN,0.947820724196431,NaN,NaN,NaN,0.12877028151974004,0.8712297184802599,NaN,1436.9333576282138,1153.1527554911572,NaN
0,NaN,1.0,1.0,NaN,0.3,NaN,0.0,0.0,NaN,0.0,NaN,12.330237930855425,7.359347146596667,NaN,10.673274336102503,NaN,1.0,1.0,0.0,5358.231439122146,2253.87407255784,0.0,6437.054023675979,0.0,14049.159535355966,0.0,0.3813916003756437,0.16042768016732706,0.0,0.4581807194570292,11137.0,0.0,2264.327106498473,58750.3378780316,0.15435541234409306,0.0,0.031382880866075144,0.8142617067898318,0.0,NaN,1.0,1.0,NaN,1.0,NaN,0.8236107633505866,0.9538444079439738,NaN,0.8670219782150491,NaN,NaN,NaN,0.1813466578717833,0.8186533421282167,NaN,1339.5578597805365,1126.93703627892,NaN
0,1.0,1.0,1.0,NaN,0.3,0.0,0.0,0.0,NaN,0.0,10.837320433169271,4.003050223385873,16.624809735359303,NaN,9.349348429007582,1.0,1.0,1.0,2134.434661948101,3914.7376918074815,1883.7783993165203,0.0,6243.575505489696,0.0,14176.526258561775,0.15056118988662898,0.2761422382611688,0.13288011216279663,0.0,0.44041645968940735,15201.739166028477,0.0,3057.4491500981835,56269.97789536472,0.20397033723536515,0.0,0.0410235254936579,0.755006137270977,0.0,1.0,0.6666666666666666,0.5,NaN,0.6666666666666666,0.9539527498357426,0.9064246473657416,0.9701895437822688,NaN,0.9342478970873737,0.009997244778128737,0.06215847460538707,0.9278442806164842,0.328681018471035,0.671318981528965,2134.434661948101,1337.9516992651713,1143.3202488236975,NaN
0,NaN,0.6666666666666666,NaN,1.0,0.3,NaN,0.0,NaN,0.0,0.0,NaN,7.167487524708849,NaN,9.88635759609348,8.980067572298603,NaN,1.0,1.0,0.0,2987.925711973359,0.0,2623.566726508649,6235.575462423857,0.0,11847.067900905837,0.0,0.25220803467707814,0.0,0.22145283106785005,0.5263391342550742,15532.139155098293,0.0,2355.4256218433434,59872.43522305823,0.19974458789992694,0.0,0.030290967359096546,0.7699644447409765,0.0,NaN,1.0,NaN,0.75,0.8333333333333334,NaN,0.9754864071870373,NaN,0.9229024394334168,0.9439360265348651,NaN,NaN,NaN,0.021018407796557864,0.9789815922034422,NaN,1493.9628559866792,NaN,747.1612921129149
0,0.6666666666666666,1.0,NaN,1.0,0.3,0.0,0.0,NaN,0.0,0.0,4.855046787220988,11.244052933541873,NaN,17.260707565082278,10.117159990024978,1.0,1.0,1.0,3901.8521651021492,3934.2957851801802,0.0,690.2487007980387,6189.705192849304,0.0,14716.101843929679,0.2651416935329001,0.2673463276419943,0.0,0.04690431665385375,0.4206076621712514,12967.99999999999,0.0,5496.107536102881,59295.89246389715,0.1667695473251027,0.0,0.07068039526881274,0.7625500574060845,0.0,1.0,1.0,NaN,1.0,1.0,0.9096509669021282,0.918423556070126,NaN,0.6985593035946362,0.8788553176015451,0.21683284306955436,0.15973742266000307,0.6234297342704426,0.23542608023990907,0.7645739197600908,1950.9260825510746,1311.4319283933935,NaN,690.2487007980387
0,1.0,1.0,1.0,1.0,0.3,0.0,0.0,0.0,0.0,0.0,17.871856928539366,4.848010796329848,16.068486174215877,3.969485857595919,8.742310224890117,1.0,1.0,1.0,1970.9913615265962,4377.077597186957,1045.9796999887706,773.3077239725005,5277.124409968401,0.0,13444.480792643224,0.1466022669023497,0.32556687496493575,0.0777999326356379,0.05751860082210478,0.39251232467497194,18459.999999999996,0.0,3758.2421107535533,51338.87482522216,0.2509614401563295,0.0,0.05109284141770723,0.6979457184259634,0.0,1.0,1.0,1.0,1.0,1.0,0.7749970741640049,0.9594822501111427,0.9680209075467381,0.9097218041063317,0.9218644226917504,0.1508567641535826,0.00324899033316416,0.8458942455132532,0.12953130149110575,0.8704686985088944,1970.9913615265962,1459.025865728986,1045.9796999887706,773.3077239725005
0,1.0,1.0,NaN,1.0,0.3,0.0,0.0,NaN,0.0,0.0,6.1430860288335225,8.692043953884582,NaN,5.784727580465253,6.873285854394452,1.0,1.0,1.0,4251.470581950424,2953.890551265425,0.0,1522.81465356119,5684.173222639202,0.0,14412.349009416243,0.29498803971321713,0.2049555245529729,0.0,0.10566040640330497,0.39439602933050494,22630.12028531805,0.0,3100.772779307956,51651.59720476908,0.29244497310095363,0.0,0.04007072877227263,0.6674842981267738,0.0,0.0,1.0,NaN,1.0,0.6666666666666666,NaN,0.9673715452498142,NaN,0.9661377681346439,0.966754656692229,NaN,NaN,NaN,0.016766974655288237,0.9832330253447117,NaN,1476.9452756327123,NaN,761.4073267805949
0,0.0,1.0,1.0,1.0,0.3,NaN,0.0,0.0,0.0,0.0,NaN,13.2578711648906,29.826629057105585,25.68817437181251,20.852507663449245,NaN,1.0,1.0,0.0,4217.315599201258,1437.939563193076,642.2685676875811,6709.027978172291,0.0,13006.551708254217,0.0,0.3242454798011425,0.11055501838204594,0.049380387830233644,0.5158191139865771,10101.649087163776,0.0,3810.2153512249333,63848.13556161128,0.1299080386723737,0.0,0.048999683014723946,0.8210922783129024,0.0,NaN,1.0,0.5,1.0,0.8333333333333334,NaN,0.9025892972569997,0.7013634132764057,0.608937611412206,0.8036137832919221,NaN,NaN,NaN,0.04765197360093227,0.9523480263990677,NaN,1405.7718664004194,1019.0620005513128,642.2685676875811
0,1.0,0.75,1.0,1.0,0.3,0.0,0.0,1.0,0.0,0.16666666666666666,5.9910615176288955,6.476022115706637,10.019792546093981,13.16106145710055,8.099996977990555,1.0,1.0,1.0,1916.0952666902438,3403.685770387908,1009.0969462520054,714.8690371122566,6626.881095289389,-60.0,13670.628115731804,0.14016146518426983,0.24897800902586434,0.07381496575792028,0.05229233295356808,0.4847532270783773,15618.568825560447,0.0,2499.5013168350442,59641.9298576045,0.20085608057562307,0.0,0.032143792654771665,0.7670001267696053,0.0,1.0,0.6666666666666666,0.0,1.0,0.6666666666666666,0.944026780337639,0.9418484131442885,NaN,0.7524304237656889,0.8950385075979762,0.2019309419463642,0.22685837316755703,0.5712106848860787,0.30895392532296884,0.6910460746770312,1916.0952666902438,1329.4297574203194,NaN,714.8690371122566
0,1.0,0.6666666666666666,1.0,1.0,0.3,0.0,0.0,0.0,0.0,0.0,7.821028341220927,14.263442334604834,11.14676986775944,14.866355159049181,11.697011063076692,1.0,1.0,1.0,3052.407114062742,2732.955813714902,1090.9284602680766,356.2162309325761,6587.442982073275,0.0,13819.950601051572,0.22086961105566338,0.19775438368838663,0.07893866568416438,0.02577550681733054,0.476661832754455,9164.575324471498,0.0,5350.239573914858,63245.185101613635,0.11785719295873842,0.0,0.06880452126948121,0.8133382857717805,0.0,1.0,1.0,1.0,0.0,0.8333333333333334,0.5278889243300097,0.8459584626481741,0.7820630726714601,NaN,0.7059515693255656,0.3279120364637778,0.21953197017064524,0.45255599336557695,0.10235902697752444,0.8976409730224756,1526.203557031371,1366.477906857451,1090.9284602680766,NaN
0,NaN,1.0,1.0,1.0,0.3,NaN,0.0,0.0,0.0,0.0,NaN,11.787684863625872,14.525824426452363,11.30640456480312,12.083614691156038,NaN,1.0,1.0,0.0,3594.867674327224,1059.8654774869653,1452.6192977410208,5331.939322148749,0.0,11439.291771703958,0.0,0.31425613980923445,0.09265131956058949,0.12698507274149573,0.4661074678886804,25859.76494056687,0.0,2818.0501512012506,48770.194145683636,0.33389838157469115,0.0,0.03638634716305294,0.6297152712622559,0.0,NaN,0.6666666666666666,1.0,1.0,0.8333333333333334,NaN,0.7711812855386668,0.9565908445609373,0.9718234887437261,0.8885200786251447,NaN,NaN,NaN,0.11638113036195709,0.8836188696380429,NaN,1367.6943558570197,1059.8654774869653,726.3096488705103
0,1.0,1.0,NaN,0.5,0.3,0.0,0.0,NaN,0.0,0.0,7.030656149733477,6.835311768851643,NaN,23.862083320093554,9.7056644242056,1.0,1.0,1.0,2051.7522566991706,5727.650925684549,0.0,276.4543889951225,4967.347028716857,0.0,13023.20460009568,0.157545882115996,0.43980349703194166,0.0,0.021227831204701446,0.38142278964736237,26876.37916679904,0.0,3214.695973505932,47668.92485969497,0.345632448132704,0.0,0.04134125480331706,0.6130262970639789,0.0,1.0,1.0,NaN,0.0,0.8333333333333334,0.9242076922163266,0.9625310816543813,NaN,NaN,0.9548664037667702,0.0835159862603032,0.18166645382510718,0.7348175599145896,0.1314458186764816,0.8685541813235185,2051.7522566991706,1431.9127314211373,NaN,NaN
0,NaN,1.0,NaN,1.0,0.3,NaN,0.0,NaN,0.0,0.0,NaN,9.700690770588725,NaN,16.834141470140235,10.889599220513977,NaN,1.0,1.0,0.0,6664.109525928856,0.0,692.7704005593397,5126.296703709606,0.0,12483.176630197784,0.0,0.5338472508518266,0.0,0.05549632285771505,0.41065642629045973,18222.259653091874,0.0,3186.0740296396416,51311.83648025441,0.25058054199063035,0.0,0.04381279667661356,0.7056066613327563,0.0,NaN,0.8,NaN,1.0,0.8333333333333334,NaN,0.9046328649256276,NaN,0.8350146213062747,0.8907092162017569,NaN,NaN,NaN,0.0699018169424192,0.9300981830575807,NaN,1440.5137670526601,NaN,692.7704005593397
0,1.0,1.0,1.0,NaN,0.3,0.0,0.0,0.0,NaN,0.0,7.593070989332122,9.12423465592321,10.834951233707852,NaN,8.64377225225844,1.0,1.0,1.0,5473.60763203031,2874.9999884274366,1093.8404286661832,0.0,4739.271715949146,0.0,14181.719765073083,0.3859621909544976,0.20272576500263548,0.07713030907295934,0.0,0.33418173496990705,25620.85909248972,0.0,3953.80850112905,42653.445443542274,0.3547214237662266,0.0,0.054740575862681516,0.5905380003710918,0.0,0.6666666666666666,1.0,1.0,NaN,0.8333333333333334,0.9846471728169366,0.8106702780237749,0.9503063560571348,NaN,0.9081882515477115,0.06602631820730304,0.009308027492657609,0.9246656543000393,0.08240864688890123,0.9175913531110987,2244.766770641032,1437.4999942137183,1093.8404286661832,NaN
0,1.0,0.5,NaN,1.0,0.3,0.0,0.0,NaN,0.0,0.0,6.635923094269012,9.539100035387673,NaN,8.166532020389361,7.885090380848964,1.0,1.0,1.0,3649.9801210267974,1473.8911215529467,0.0,2238.2987301022667,7295.944055990588,0.0,14658.114028672593,0.24900748581209745,0.100551211340687,0.0,0.15270032186432392,0.49774098098289205,9401.0,0.0,2695.5034960846333,65663.49650391538,0.12089763374485595,0.0,0.03466439681178797,0.844437969443356,0.0,1.0,1.0,NaN,1.0,1.0,0.8955927900230589,0.9431754534988653,NaN,0.9029592582788162,0.907206468063572,0.26656004218624413,0.2353242207314885,0.4981157370822674,0.0016453725343795497,0.9983546274656204,1824.9900605133985,1473.8911215529467,NaN,746.0995767007556
0,1.0,1.0,NaN,1.0,0.3,0.0,0.0,NaN,0.0,0.0,10.421931656400943,8.517038014586888,NaN,7.2032845978734255,9.568008206344015,1.0,1.0,1.0,7924.351630744024,1395.3258049576657,0.0,752.2221516576286,4923.340389732195,0.0,14995.239977091522,0.528457806800704,0.09305124873555397,0.0,0.05016406224954125,0.32832688221420026,20745.000000000007,0.0,5717.430576948715,46189.832711908704,0.28553824837527997,0.0,0.07869583572664265,0.6357659158980773,0.0,1.0,1.0,NaN,1.0,1.0,0.9477694989440938,0.818127068291148,NaN,0.847398657546006,0.9094339536022549,0.18801178330244192,0.06313701146867365,0.7488512052288844,0.17031327151393888,0.8296867284860612,1981.0879076860062,1395.3258049576657,NaN,752.2221516576286
0,0.5,1.0,1.0,NaN,0.3,0.0,0.0,0.0,NaN,0.0,7.4768518371918615,6.534370405051051,14.4156331565639,NaN,8.004994435659993,1.0,1.0,1.0,2070.695126951984,4715.044610249327,1060.8643541082436,0.0,6910.288976920827,0.0,14756.893068230389,0.14032053477502746,0.3195147236243234,0.07188941121977377,0.0,0.4682753303808748,12774.668339466516,0.0,2792.730868246059,62192.60079228727,0.16428328625857178,0.0,0.03591474882003684,0.7998019649213914,0.0,1.0,0.75,1.0,NaN,0.8333333333333334,0.9374802013925784,0.8727248573754127,0.9611664168505426,NaN,0.9033642380738719,0.04513127157459741,0.1848541669864538,0.7700145614389488,0.3922142971039026,0.6077857028960975,2070.695126951984,1266.375847254458,1060.8643541082436,NaN
0,1.0,0.75,NaN,1.0,0.3,0.0,0.0,NaN,0.0,0.0,8.56914673358484,9.763163721101817,NaN,8.170068900439173,9.099642255152384,1.0,1.0,1.0,3509.1351528030236,3287.220295405838,0.0,746.0307128937287,7146.006434202376,0.0,14688.392595304973,0.2389053213300338,0.22379714281715016,0.0,0.05079049378978279,0.4865070420630328,8385.350482204984,0.0,3155.38085509138,66219.26866270372,0.10783629735345902,0.0,0.040578457498603095,0.8515852451479378,0.0,1.0,0.6666666666666666,NaN,1.0,0.8333333333333334,0.8792546534029742,0.8394665656902034,NaN,0.8303911726320017,0.8535667221636715,0.279646013694765,0.18130735117911198,0.539046635126123,0.3037377197287886,0.6962622802712114,1754.5675764015118,1336.4426573096694,NaN,746.0307128937287
0,0.5,1.0,NaN,1.0,0.3,0.0,0.0,NaN,0.0,0.0,14.600734699001896,13.302952652898322,NaN,10.64846834420232,12.634421557683586,1.0,1.0,1.0,1970.378743946661,4157.041110627619,0.0,1186.2155109931746,6654.7782395303375,0.0,13968.413605097789,0.14105959342638372,0.2976029510688674,0.0,0.08492127628296058,0.4764161792217885,9827.422297242088,0.0,3636.4554747231173,64296.122228034845,0.1263814595838745,0.0,0.04676511670168614,0.8268534237144393,0.0,1.0,1.0,NaN,0.5,0.8333333333333334,0.5058693655946945,0.7884983101205415,NaN,0.6988221965298559,0.714037298497235,0.1096245201270819,0.10473511322595505,0.785640366646963,0.09111530875972695,0.908884691240273,1970.378743946661,1385.6803702092063,NaN,690.375823719275
0,1.0,1.0,NaN,NaN,0.3,0.0,0.0,NaN,NaN,0.0,5.930395717755428,8.749221966685846,NaN,NaN,7.339808842220637,1.0,1.0,1.0,5548.252556095829,3996.3784203695313,0.0,0.0,4313.879715590116,0.0,13858.510692055474,0.40034984129112944,0.2883699777827133,0.0,0.0,0.3112801809261575,27144.37260026917,0.0,3644.431486720141,41618.18649537961,0.37488607635736787,0.0,0.05033259161039568,0.5747813320322365,0.0,1.0,0.3333333333333333,NaN,NaN,0.6666666666666666,0.9391502689069248,0.9716878059263275,NaN,NaN,0.9472846531617755,0.21476488727543833,0.13831029057395153,0.6469248221506102,0.02157136798775769,0.9784286320122422,1849.4175186986092,1500.7163973949819,NaN,NaN
0,1.0,1.0,NaN,1.0,0.3,0.0,0.0,NaN,0.0,0.0,8.137582915549183,13.89368767916651,NaN,8.144113510154282,11.017812162226212,1.0,1.0,1.0,1862.1400683253817,4197.577613438078,0.0,1492.647828470509,5847.849742315307,0.0,13400.215252549304,0.1389634444843057,0.31324702882213146,0.0,0.1113898396659369,0.4363996870276238,14495.000000000007,0.0,4218.163498316218,53290.31734606999,0.20130971211414866,0.0,0.05858277195560176,0.7401075159302496,0.0,1.0,1.0,NaN,1.0,1.0,0.5133376259129863,0.8075320610983034,NaN,0.8915236289471599,0.7864968445170359,0.11834674960809836,0.32144406178904844,0.5602091886028532,0.04822581094751354,0.9517741890524866,1862.1400683253817,1399.1925378126928,NaN,746.3239142352545
0,1.0,1.0,NaN,1.0,0.3,0.0,0.0,NaN,0.0,0.0,5.7724129026835085,9.130555139997325,NaN,8.30790635315434,7.874066263085557,1.0,1.0,1.0,2965.504618763664,4141.382649878738,0.0,745.1521407348484,5684.6915746059,0.0,13536.730983983156,0.21907095755042258,0.30593668846480576,0.0,0.05504668310366237,0.41994567088110896,18361.956066418767,0.0,3098.5289198476803,51162.2241714531,0.2528404169905159,0.0,0.04266611581672614,0.7044934671927581,0.0,1.0,0.3333333333333333,NaN,1.0,0.6666666666666666,0.8980252210947564,0.9216026456742105,NaN,0.9059211491219146,0.9058935592464095,0.3718581563441257,0.2394186878880804,0.38872315576779387,0.18563486743400046,0.8143651325659995,1482.7523093818318,1421.4817900912935,NaN,745.1521407348484
0,1.0,0.6666666666666666,NaN,1.0,0.3,0.0,0.0,NaN,0.0,0.0,3.993012627405187,6.477630246048466,NaN,9.944539108831169,7.796981740999271,1.0,1.0,1.0,2101.2952828207926,2434.317870844788,0.0,2007.0284734528611,7159.813722912043,0.0,13702.45535003049,0.15335173362313617,0.17765559592495744,0.0,0.14647217759030284,0.5225204928616032,10758.717151848603,0.0,2562.959341942898,64438.323506208515,0.13835798806389663,0.0,0.032959868080541375,0.828682143855562,0.0,1.0,1.0,NaN,0.6666666666666666,0.8333333333333334,0.956468534853223,0.8744331920700141,NaN,0.9294119074240745,0.91283174676828,0.16834082527240618,0.11356660543725314,0.7180925692903407,0.45298167940913847,0.5470183205908615,2101.2952828207926,1217.1589354223938,NaN,730.0530685431787
0,1.0,1.0,NaN,NaN,0.3,0.0,0.0,NaN,NaN,0.0,6.627677311552213,6.511364361360635,NaN,NaN,6.569520836456424,1.0,1.0,1.0,5761.267916183283,4245.491706927071,0.0,0.0,6357.193789646537,0.0,16363.953412756902,0.35207066231879836,0.25944168868247935,0.0,0.0,0.3884876489987217,15512.84894139518,0.0,4093.810815195119,57214.744106818805,0.20193394238118217,0.0,0.05328997661216977,0.7447760810066482,0.0,0.6666666666666666,1.0,NaN,NaN,0.8333333333333334,0.8969852198784397,0.9421441139483022,NaN,NaN,0.9240805563203572,0.2998450414035182,0.2125077951507645,0.48764716344571724,0.17177933679793864,0.8282206632020613,1841.3538743435781,1415.1639023090238,NaN,NaN
0,1.0,1.0,NaN,NaN,0.3,0.0,0.0,NaN,NaN,0.0,14.457194750939117,5.8011751587059734,NaN,NaN,11.571854886861402,1.0,1.0,1.0,7458.84150614843,2267.5756875269035,0.0,0.0,4828.525234548246,0.0,14554.942428223589,0.5124610793159126,0.1557942052130575,0.0,0.0,0.33174471547102924,20478.67628780535,0.0,6621.198880336244,44961.66860921716,0.2841831469927461,0.0,0.09188255667673581,0.6239342963305181,0.0,1.0,0.5,NaN,NaN,0.8333333333333334,0.8167844538566038,0.9790327981290863,NaN,NaN,0.8492341227111003,0.17236379322083803,0.13666976057835517,0.6909664462008067,0.06324352888809384,0.9367564711119062,1864.710376537108,1507.6194590517173,NaN,NaN
0,0.75,1.0,1.0,1.0,0.3,0.0,0.0,0.0,0.0,0.0,12.530445590933397,5.346336807286479,28.678316790221743,8.05496596806861,13.278492723062838,1.0,1.0,1.0,5078.985109405292,1407.6880337947362,939.0880813522625,746.7651694778027,6844.155713482074,0.0,15016.682107512177,0.3382228559572758,0.09374161507291498,0.06253632291266781,0.049729038953566805,0.455770167103574,10669.0,0.0,4581.5185170345885,62509.481482965406,0.13720421810699587,0.0,0.05891870520877814,0.8038770766842259,0.0,1.0,1.0,1.0,1.0,1.0,0.8204986557910336,0.9207095722806861,0.8175427923146849,0.9425691210826541,0.8570529088418545,0.2411850172660075,0.21620142577347187,0.5426135569605205,0.21201131488271532,0.7879886851172847,1692.9950364684307,1407.6880337947362,939.0880813522625,746.7651694778027
0,0.75,1.0,NaN,1.0,0.3,0.0,0.0,NaN,0.0,0.0,10.138284208667015,7.314474659072698,NaN,8.36796573330148,8.901961279574655,1.0,1.0,1.0,5281.621132110836,2598.2095768187282,0.0,628.8087307248113,5521.599149109152,0.0,14030.23858876353,0.3764455678138471,0.1851864143564579,0.0,0.04481810674469988,0.39354991108499493,18928.818753710293,0.0,4808.791888828561,54022.38935746108,0.24342616710018403,0.0,0.061841459475676,0.6947323734241401,0.0,1.0,0.5,NaN,0.0,0.6666666666666666,0.8741368339837835,0.9703920188890223,NaN,NaN,0.8982006302100931,0.2446138686235599,0.15685565174449356,0.5985304796319465,0.10589268603692291,0.8941073139630771,1760.540377370279,1473.8830329756,NaN,NaN
0,1.0,1.0,1.0,0.0,0.25,0.0,0.0,0.0,NaN,0.0,8.410436610105808,22.89180758023579,4.245330706110781,NaN,16.26623801138479,1.0,1.0,1.0,2160.0211650603637,3981.2211440824235,571.2954776503705,0.0,4544.617324733633,0.0,11257.155111526792,0.19187984385580728,0.3536613917672541,0.05074954302312056,0.0,0.4037092213538179,28184.792089050694,0.0,2489.1706056176,42102.24587033805,0.38728030279119335,0.0,0.034203081675987325,0.5785166155328194,0.0,1.0,0.6666666666666666,0.0,NaN,0.6,0.955197294287534,0.9738955242759804,NaN,NaN,0.9676627809464983,0.016964812324800686,0.08058391033215927,0.9024512773430401,0.04610126258921467,0.9538987374107852,2160.0211650603637,1501.7262979412412,NaN,NaN
0,1.0,1.0,NaN,0.5,0.3,0.0,0.0,NaN,0.0,0.0,11.885179551747836,8.625093392724171,NaN,7.128759017809989,10.549095102920917,1.0,1.0,1.0,7317.697926191326,1302.115393276805,0.0,418.38950971713723,5247.571913481382,0.0,14285.774742666661,0.5122366870545632,0.09114769179356001,0.0,0.02928714173740628,0.36732847941446967,21334.772808884845,0.0,5227.64834565347,51197.5788454617,0.2743669342706384,0.0,0.0672279879842267,0.6584050777451349,0.0,0.75,1.0,NaN,0.0,0.6666666666666666,0.936542666854499,0.8883147392731745,NaN,NaN,0.9244856849591679,0.1442476772321891,0.0577445467918663,0.7980077759759445,0.3134526177358901,0.6865473822641099,2033.718302943926,1302.115393276805,NaN,NaN
0,NaN,1.0,1.0,NaN,0.3,NaN,0.0,0.0,NaN,0.0,NaN,14.22886263782073,7.741972470019103,NaN,10.985417553919916,NaN,1.0,1.0,0.0,3252.9220081306507,3370.30756659252,0.0,5104.946304655382,0.0,11728.175879378565,0.0,0.27735958614418493,0.287368436597073,0.0,0.43527197725874106,24387.170630246488,0.0,2898.9623358235203,45944.51674189841,0.33301862987012193,0.0,0.039586735163269715,0.6273946349666084,0.0,NaN,0.6666666666666666,1.0,NaN,0.8333333333333334,NaN,0.7554314164258462,0.9446879874483735,NaN,0.8689853590393627,NaN,NaN,NaN,0.4703311349945792,0.5296688650054209,NaN,1050.1659575025028,1123.43585553084,NaN
0,1.0,1.0,0.5,1.0,0.3,0.0,0.0,0.0,0.0,0.0,7.6929290297432775,6.679197450283323,8.98537100568151,3.926771007057232,6.942732495465324,1.0,1.0,1.0,3820.970679567293,2643.4505108581675,1111.2735242098738,773.5901598596978,6765.060245488704,0.0,15114.345119983747,0.252804249819287,0.1748967943945566,0.0735244243391386,0.051182512620866344,0.4475920188261507,14311.819865445854,0.0,2562.6379251557046,60885.54220939842,0.18405118139719465,0.0,0.03295573463420402,0.7829930839686012,0.0,0.5,1.0,1.0,1.0,0.8333333333333334,0.8050810863656108,0.9293134444999005,0.9822908354888676,0.9673386303718767,0.9226674882452313,0.09124085621841246,0.054945763985805154,0.8538133797957824,0.31161810504545395,0.6883818949545462,2072.0967432896514,1321.7252554290837,1111.2735242098738,773.5901598596978
0,1.0,0.5,1.0,1.0,0.3,0.0,0.0,0.0,0.0,0.0,11.032386090469707,4.384190456915166,9.117652671315906,1.2224734176880703,7.65112356636241,1.0,1.0,1.0,3144.3831810793063,1520.3572554739146,1486.8411151391065,791.6829105546869,6245.400285761603,0.0,13188.66474800862,0.23841558195298598,0.11527757240955543,0.11273628858930601,0.06002752558208931,0.47354303146606314,16067.39312322047,0.0,3551.971528308166,58140.63534847145,0.2066279979838021,0.0,0.045678646197378624,0.7476933558188192,0.0,1.0,1.0,0.5,1.0,0.8333333333333334,0.8210596073784127,0.9870768788380415,0.9991520163230335,0.9910717840017478,0.9238839787839297,0.32955198377085515,0.2839038525359096,0.3865441636932352,0.03922435916078788,0.9607756408392121,1572.1915905396531,1520.3572554739146,1196.1630724478819,791.6829105546869
0,1.0,1.0,1.0,1.0,0.3,0.0,0.0,0.0,0.0,0.0,2.675844627905917,9.312805729376814,10.995048863853935,10.159446857828698,8.628126256286498,1.0,1.0,1.0,2147.2851731309916,3808.8985190636486,1092.3443616397085,347.51629619270625,6913.159660053809,0.0,14309.20401008088,0.15006321606835868,0.26618521312438254,0.07633858325523546,0.024286207391262287,0.48312678016075983,9611.28893462169,0.0,2377.4663118508915,62218.4369404845,0.12951964157877147,0.0,0.032038219501165324,0.8384421389200633,0.0,1.0,0.6666666666666666,1.0,0.0,0.6666666666666666,0.9731910556426953,0.7671623214151384,0.850803425286189,NaN,0.8395797809397902,0.24724094298656152,0.02445532945995902,0.7283037275534795,0.35400554264179906,0.6459944573582009,2147.2851731309916,1268.5851930282076,1092.3443616397085,NaN
0,1.0,1.0,1.0,1.0,0.3,0.0,0.0,0.0,0.0,0.0,9.173776588331778,9.196314007193632,14.881014660560732,6.523917377128751,9.687095968313075,1.0,1.0,1.0,5093.469083158316,1236.177382840861,1056.652098797447,756.6036415534237,6436.580032054116,0.0,14579.482238404153,0.3493587083457251,0.08478883972879485,0.07247528283371375,0.051895096765537836,0.44148207232622916,10076.022848620192,0.0,4026.1614412700687,57929.22028848695,0.139883748034602,0.0,0.05589452912707279,0.8042217228383253,0.0,1.0,0.0,1.0,1.0,0.8333333333333334,0.8320501699122366,NaN,0.9357693823882672,0.98263178387925,0.8829103352008454,0.339017479435374,0.19179329334954032,0.46918922721508566,NaN,NaN,1697.8230277194389,NaN,1056.652098797447,756.6036415534237
0,1.0,1.0,1.0,0.0,0.3,0.0,0.0,0.0,NaN,0.0,9.323710732480421,3.2247003820372813,24.438532791785477,NaN,15.86462003705909,1.0,1.0,1.0,3903.526642789951,729.5136880015734,2849.9746546416586,0.0,7531.225295100513,0.0,15014.240280533697,0.2599882891078386,0.048588118637438116,0.18981810610402416,0.0,0.501605486150699,7011.5109123635275,0.0,2967.4614317318637,67781.02765590476,0.09016860741208221,0.0,0.038161798247580474,0.8716695943403372,0.0,1.0,1.0,0.6666666666666666,NaN,0.8333333333333334,0.774594229817378,0.9176616037814375,0.6681955300768384,NaN,0.7606482247139741,0.24693897244624724,0.1013855554750791,0.6516754720786737,0.8870120426445582,0.11298795735544177,1951.7633213949755,729.5136880015734,919.126473538134,NaN
0,1.0,1.0,1.0,1.0,0.3,0.0,0.0,0.0,0.0,0.0,5.611469975203991,10.09829451806663,23.63764730474968,11.543836713645169,11.100168834156015,1.0,1.0,1.0,3809.7718847234987,2769.7562609390525,980.4399199067611,724.8210705708561,6245.988486685018,0.0,14530.777622825186,0.2621863732013245,0.19061307886153825,0.06747332767426499,0.04988178123600868,0.4298454390268636,10506.999999999996,0.0,4135.60102139644,57459.78723603096,0.14572332836586244,0.0,0.0573573375493623,0.7969193340847752,0.0,1.0,1.0,1.0,1.0,1.0,0.9524473630558767,0.8657227139323863,0.7086722613983661,0.9317916862569303,0.8794673502719705,0.22849322717892895,0.2126692915134079,0.5588374813076631,0.14225364696449305,0.857746353035507,1904.8859423617494,1384.8781304695262,980.4399199067611,724.8210705708561
0,NaN,1.0,1.0,1.0,0.3,NaN,0.0,0.0,0.0,0.0,NaN,8.463379081485249,12.631947759005289,9.223215974975517,9.411419492235344,NaN,1.0,1.0,0.0,3353.7158725608833,1077.164925851248,1478.9346337605357,5144.990708369743,0.0,11054.806140542409,0.0,0.30337174889584556,0.09743860834436997,0.1337820505360731,0.4654075922237114,24617.232504664422,0.0,2059.506114662855,48220.206618574564,0.3286813958362455,0.0,0.027497865341784795,0.6438207388219696,0.0,NaN,0.6666666666666666,1.0,1.0,0.8333333333333334,NaN,0.9518724566239586,0.7599946743972824,0.9731924053077414,0.9220248796521366,NaN,NaN,NaN,0.010239995442420444,0.9897600045575795,NaN,1446.6605913832339,1077.164925851248,739.4673168802676
0,NaN,1.0,0.5,1.0,0.3,NaN,0.0,0.0,0.0,0.0,NaN,8.544485627261635,4.66152120768893,13.649771004144704,9.59908668296054,NaN,1.0,1.0,0.0,4419.400751134818,1153.1193634779293,1424.3669302140377,6804.980710011977,0.0,13801.86775483879,0.0,0.3202030934969235,0.08354806638932312,0.10320102724608918,0.49304781286766225,13078.0,0.0,2142.6491161444847,62539.3508838554,0.16818415637860107,0.0,0.027554643983339608,0.8042611996380593,0.0,NaN,1.0,1.0,1.0,1.0,NaN,0.9020056227903369,0.8956255612966806,0.9097438085893298,0.9035216744743919,NaN,NaN,NaN,0.02835148824110707,0.971648511758893,NaN,1473.133583711606,1153.1193634779293,712.1834651070187
0,1.0,0.8,NaN,1.0,0.3,0.0,0.25,NaN,0.0,0.16666666666666666,2.037786222629868,7.346074079157836,NaN,6.721555299381089,6.35727297310705,1.0,1.0,1.0,1998.7441465944612,4305.145376825136,0.0,755.3263759617373,6208.26267340305,-90.0,13267.478572784388,0.15064988691178216,0.32448858712734546,0.0,0.05693066484472341,0.4679308611161487,19246.381205654492,0.0,2639.254733718073,55874.364060627406,0.2475100463690136,0.0,0.03394103309822626,0.7185489205327601,0.0,1.0,0.25,NaN,1.0,0.5,0.9758105549393911,0.9149890872642262,NaN,0.9847798296556778,0.9585264906197649,0.24084406921902246,0.17660512157005462,0.582550809210923,0.08238853202357198,0.917611467976428,1998.7441465944612,1415.6997877654812,NaN,755.3263759617373
0,NaN,1.0,1.0,NaN,0.3,NaN,0.0,0.0,NaN,0.0,NaN,10.428435136787575,16.07190131333431,NaN,12.30959052896982,NaN,1.0,1.0,0.0,5780.86321950688,2082.704753134322,0.0,5774.695343497272,0.0,13638.263316138464,0.0,0.4238709200361497,0.15271040783248482,0.0,0.42341867213136625,19043.160174543948,0.0,3513.892773468049,52031.604255919374,0.255309062911247,0.0,0.04711028332177619,0.697580653766977,0.0,NaN,0.75,0.5,NaN,0.6666666666666666,NaN,0.9578671781921879,0.9187735021378138,NaN,0.9480937591785944,NaN,NaN,NaN,0.03495811632175389,0.9650418836782461,NaN,1444.361286541044,1126.1847209376558,NaN
0,0.75,1.0,1.0,NaN,0.3,0.0,0.0,0.0,NaN,0.0,6.623037060437997,14.782595113765092,18.978487651180878,NaN,12.101446932906805,1.0,1.0,1.0,6336.016476225441,1111.554361640677,1498.4399267241174,0.0,6227.323225746489,0.0,15173.333990336714,0.41757576022913584,0.07325709447564926,0.0987548239350965,0.0,0.410412321360119,14648.82372392237,0.0,5056.999694804948,58054.176581272644,0.18838507875414578,0.0,0.06503343228915831,0.7465814889566958,0.0,1.0,1.0,0.5,NaN,0.8333333333333334,0.7983454476812084,0.752156564850358,0.880330336258026,NaN,0.8055046488304018,0.1902174983773548,0.02927239159121565,0.7805101100314297,0.48202157369053805,0.5179784263094619,2112.0054920751472,1111.554361640677,1068.84140804646,NaN
0,1.0,1.0,1.0,1.0,0.3,0.0,0.0,0.0,0.0,0.0,4.313693686436546,5.844273414637861,4.988969574430053,15.633659309215,7.078190468999196,1.0,1.0,1.0,1987.0503114195456,3795.9187152018226,1149.8959299854187,699.9167593682517,6854.665244895718,0.0,14487.44696087074,0.1371566927414047,0.2620143304375332,0.07937188195347197,0.04831194628416328,0.473145148583428,9273.543643673838,0.0,2610.7837626136725,61691.98720406143,0.1260397954529984,0.0,0.035484024667993504,0.838476179879008,0.0,1.0,0.6666666666666666,1.0,1.0,0.8333333333333334,0.9595033648129287,0.9476279876441553,0.889106827259596,0.8754624106773936,0.9238657156076459,0.21823917602516862,0.17325362313104137,0.60850720084379,0.36016102247296633,0.6398389775270337,1987.0503114195456,1297.8366888291787,1149.8959299854187,699.9167593682517
0,1.0,0.5,1.0,NaN,0.3,0.0,0.0,0.0,NaN,0.0,6.100108024692493,7.074396404233539,9.21824479063398,NaN,6.782178882272915,1.0,1.0,1.0,7182.1934478613375,1341.5901837841673,1109.0633898065912,0.0,6883.250382348776,0.0,16516.097403800897,0.4348602016726105,0.08122924871316291,0.06715045102309455,0.0,0.41676009859113045,12012.778287721867,0.0,3797.9682711391524,61949.253441138964,0.15448531748613514,0.0,0.048842184556830676,0.7966724979570342,0.0,0.75,1.0,1.0,NaN,0.8333333333333334,0.9306681544261731,0.8659018333387822,0.9350453861359879,NaN,0.9185903365506579,0.2581056499752085,0.13137336242268413,0.6105209876021073,0.28155970905519434,0.7184402909448057,1945.0059903460715,1341.5901837841673,1109.0633898065912,NaN
0,NaN,1.0,1.0,0.0,0.3,NaN,0.0,0.0,NaN,0.0,NaN,4.793243151514404,10.05658623261397,NaN,7.4249146920641875,NaN,1.0,1.0,0.0,4405.898011455398,2885.948125502997,0.0,6305.941042931837,0.0,13597.787179890229,0.0,0.32401580883478465,0.21223660050887003,0.0,0.4637475906563455,15458.09737659685,0.0,2158.7174395167294,60143.185183886366,0.19879240453442465,0.0,0.027761283944402405,0.7734463115211729,0.0,NaN,1.0,0.6666666666666666,NaN,0.8333333333333334,NaN,0.9516736379204073,0.9793871502652476,NaN,0.9627590428583434,NaN,NaN,NaN,0.12057016545855552,0.8794298345414444,NaN,1468.6326704851328,1100.101367004464,NaN
0,0.6666666666666666,NaN,1.0,1.0,0.3,0.0,NaN,0.0,0.0,0.0,10.484948373517842,NaN,8.677921209253704,5.591274566780794,8.765822490262932,1.0,NaN,1.0,3857.7018371131107,0.0,2937.3029947406103,213.5665778526506,6243.205629229007,0.0,13251.77703893537,0.2911082661426239,0.0,0.22165351757054533,0.016116070865451887,0.4711221454213795,15997.774144315905,0.0,2429.860795250007,59332.36506043409,0.20573269218513252,0.0,0.03124820981545791,0.7630190979994096,0.0,0.5,NaN,0.6666666666666666,0.0,0.5,0.7678426308642252,NaN,0.9467620832284166,NaN,0.887122265773686,0.05070172540867432,0.1320000729019872,0.8172982016893384,NaN,NaN,2006.8496013870413,NaN,1111.7032972594075,NaN
0,1.0,1.0,NaN,1.0,0.3,0.0,0.0,NaN,0.0,0.0,2.7219114806331186,7.917309766576756,NaN,18.428723414369415,8.803312326884926,1.0,1.0,1.0,1059.0999170892283,5072.853252250776,0.0,683.3907049849556,6129.15252025323,0.0,12944.49639457818,0.08181854935143199,0.3918926698743991,0.0,0.05279391983694281,0.47349486093722687,14665.44850994876,0.0,2736.81617274597,55162.37268227902,0.2021018645237195,0.0,0.03771556328436921,0.7601825721919112,0.0,1.0,0.5,NaN,1.0,0.6666666666666666,0.9075145186271898,0.9653114751364218,NaN,0.9009893632948718,0.9347817080487264,0.5449461519788029,0.41247272186000367,0.04258112616119326,0.04187044212939828,0.9581295578706017,1059.0999170892283,1494.342701449245,NaN,683.3907049849556
0,1.0,1.0,1.0,NaN,0.3,0.3333333333333333,0.0,0.0,NaN,0.16666666666666666,8.211162699763593,6.133019390170013,8.497929286560884,NaN,7.566242694365282,1.0,1.0,1.0,3228.1136295918013,2384.430829972948,1115.9139538451157,0.0,6807.44833022862,-120.0,13535.906743638498,0.2384852149715737,0.176155973525273,0.08244101965090476,0.0,0.5029177918522475,5712.000000000001,0.0,5659.778663732901,61267.0349720576,0.07863564551921029,0.0,0.07791672771682248,0.8434476267639672,0.0,1.0,1.0,1.0,NaN,1.0,0.5329394338606064,0.9114361347990529,0.9632280163098152,NaN,0.7308197645816233,0.5690702114426941,0.28310581244442556,0.1478239761128797,0.43230830473818405,0.567691695261816,1116.0378765306002,1192.215414986474,1115.9139538451157,NaN
0,1.0,0.6666666666666666,1.0,1.0,0.3,0.0,0.0,0.0,0.0,0.0,20.05285432996552,7.100193381196627,9.536044948501171,7.975999379365112,10.216888394787706,1.0,1.0,1.0,1679.2143981724594,2709.686740067712,1678.63612331421,747.2694629803261,5317.7260763521845,0.0,12132.532800886884,0.13840592279706918,0.22334056577779332,0.13835825963656181,0.061592206280761175,0.4383030455078152,27561.11135277523,0.0,2339.3539600550957,47859.5346871697,0.3544381604009159,0.0,0.0300842844657291,0.6154775551333549,0.0,0.0,0.5,0.5,1.0,0.5,NaN,0.9527978056857269,0.8004232133075893,0.9619603607328744,0.9050604599087301,NaN,NaN,NaN,0.31087436341303776,0.6891256365869622,NaN,1344.909488157657,1101.9250969312086,747.2694629803261
0,1.0,0.6666666666666666,1.0,1.0,0.3,0.0,0.5,0.0,0.0,0.16666666666666666,7.594771993178801,8.185546787029748,16.283926138239416,9.415138452319319,9.84667810168606,1.0,1.0,1.0,1401.2352821752736,2827.5161331982285,719.3247485121708,1476.3774241725775,6476.233370692298,-90.0,12900.686958750544,0.10861710594603761,0.21917562547165928,0.05575863911838062,0.11444176801539625,0.5020068614485266,13818.269697798722,0.0,3189.900293007354,60751.83000919396,0.17770408561983947,0.0,0.041022380311308546,0.781273534068852,0.001763668430335097,1.0,0.5,0.0,1.0,0.6666666666666666,0.7407903355992149,0.9541367034541082,NaN,0.8123560521638469,0.8299097858452542,0.36988365163655773,0.4173353998181364,0.21278094854530588,0.04329577141252701,0.956704228587473,1401.2352821752736,1480.2076543151618,NaN,738.1887120862888
0,1.0,1.0,1.0,0.0,0.3,0.0,0.0,0.0,NaN,0.0,5.777273737584711,5.187043035622446,15.528183981606832,NaN,8.830833584937997,1.0,1.0,1.0,4165.266309999243,2924.7054269388227,1664.3048790110745,0.0,4819.238103052344,0.0,13573.514719001487,0.3068671892452668,0.21547148896111218,0.1226141433125809,0.0,0.35504717848103995,24727.59573259206,0.0,4078.120186177988,48954.28408122995,0.3179989163141983,0.0,0.052444961242000876,0.6295561224438008,0.0,1.0,1.0,0.5,NaN,0.8333333333333334,0.9419393044486095,0.9637475547773462,0.9296338377471016,NaN,0.9482015112398026,0.12061622092904076,0.12972541172974272,0.7496583673412165,0.12077387881079936,0.8792261211892005,2082.633154999622,1462.352713469411,1138.8706284127602,NaN
0,1.0,1.0,1.0,NaN,0.3,0.0,0.0,0.0,NaN,0.0,6.633736522873778,5.9011788743215625,17.19622761353703,NaN,7.90577993894951,1.0,1.0,1.0,1897.8402956992877,4541.952662130919,1035.9439387918828,0.0,6676.97400615335,0.0,14152.710902775418,0.13409729830114114,0.320924570093509,0.07319756235455421,0.0,0.4717805692507972,10901.83874896388,0.0,3575.0766877042433,61939.78250209215,0.14266304411243372,0.0,0.046783972405733634,0.8105529834818326,0.0,1.0,0.75,1.0,NaN,0.8333333333333334,0.8938283761953302,0.9336054045340682,0.8438072948884341,NaN,0.9076903769371938,0.177427202688424,0.25649881784185674,0.5660739794697193,0.4278163315374759,0.5721836684625241,1897.8402956992877,1149.7991430856036,1035.9439387918828,NaN